model,silhouette_score,davies_bouldin_score,n_cluster,fit_time_seconds,silhouette_score_time_seconds,davies_score_time_seconds
K-Means,0.36944840803895834,0.935939343257403,4,0.40302419662475586,89.7580087184906,0.03131866455078125
DBSCAN,0.3074809382222296,1.943561706337447,4,117.90811109542847,101.59553050994873,0.015836000442504883
BIRCH,0.3971728862845144,0.8249457781977168,4,1.5907583236694336,104.67281866073608,0.01559591293334961
